model,threshold,window,contemporaneous,mean_test_recall,std_test_recall,mean_test_precision,std_test_precision,mean_test_accuracy,std_test_accuracy,mean_test_balanced_accuracy,std_test_balanced_accuracy,mean_test_roc_auc,std_test_roc_auc,mean_test_f1,std_test_f1,mean_test_f1_macro,std_test_f1_macro,mean_test_f1_micro,std_test_f1_micro,mean_test_f1_weighted,std_test_f1_weighted,mean_test_precision_macro,std_test_precision_macro,mean_test_precision_micro,std_test_precision_micro,mean_test_precision_weighted,std_test_precision_weighted,mean_test_recall_macro,std_test_recall_macro,mean_test_recall_micro,std_test_recall_micro,mean_test_recall_weighted,std_test_recall_weighted,sensitivity_0,sensitivity_1,model_name
RUSBoostClassifier,0.1,2,False,0.6730362295607567,0.021691628619782,0.4309704389630949,0.0072639511524296,0.672456263993972,0.008236139115278,0.6726394961747582,0.004661839316288,0.731881842995067,0.0070157176230364,0.5252207650156135,0.005417654968652,0.6375316436783043,0.0053034548751803,0.672456263993972,0.008236139115278,0.6893650164658192,0.0070452483017079,0.6395781194666165,0.0037106524739693,0.672456263993972,0.008236139115278,0.7358542060495977,0.0038995065005908,0.6726394961747582,0.004661839316288,0.672456263993972,0.008236139115278,0.672456263993972,0.008236139115278,67.66,67.35,RUSBoostClassifier_560ff87c-ca76-480b-9854-848ee5a2a357
RUSBoostClassifier,0.1,2,True,0.7180506572619428,0.0122584213748763,0.4740374820127765,0.0099466974912136,0.7094193067931718,0.0086767188918397,0.7121448369969464,0.007417616276606,0.7803368071920407,0.0120428735485764,0.5709834122111997,0.0086942355501567,0.675626378360701,0.0079381783759172,0.7094193067931718,0.0086767188918397,0.7239209181114399,0.0078630385058661,0.6729108489114959,0.0065498098070034,0.7094193067931718,0.0086767188918397,0.7646942629066704,0.005399379921313,0.7121448369969464,0.007417616276606,0.7094193067931718,0.0086767188918397,0.7094193067931718,0.0086767188918397,71.15,71.75,RUSBoostClassifier_5f5788bb-6574-4f04-b058-b07a4f89bd37
RUSBoostClassifier,0.1,4,False,0.6732408326611652,0.0197781449930431,0.4190978114867404,0.0066293475516214,0.6760402414255855,0.0063770461495772,0.6751250951815966,0.0074181530343647,0.7349935380772641,0.0067612317497046,0.5164917610023756,0.0084002819364713,0.636422943524886,0.0058440103193275,0.6760402414255855,0.0063770461495772,0.6946913993695464,0.0056417782061673,0.6380408393421672,0.0054666911332283,0.6760402414255855,0.0063770461495772,0.7444143666064871,0.0055983379721509,0.6751250951815966,0.0074181530343647,0.6760402414255855,0.0063770461495772,0.6760402414255855,0.0063770461495772,68.83,65.64,RUSBoostClassifier_8151459a-b96a-4382-9d47-a7024be7f509
RUSBoostClassifier,0.1,4,True,0.7216808339020909,0.0159740865586488,0.4664470344704303,0.0091870901609556,0.7161159596650621,0.0074565422607688,0.7179355212401207,0.0076230353372787,0.7859162778167009,0.0104755535797338,0.5665526096279496,0.0089658242008244,0.6777284781195778,0.0071449347126723,0.7161159596650621,0.0074565422607688,0.7317433596143145,0.0066804509921382,0.6738360148294603,0.0062974256189757,0.7161159596650621,0.0074565422607688,0.7745960213482925,0.0055440253016848,0.7179355212401207,0.0076230353372787,0.7161159596650621,0.0074565422607688,0.7161159596650621,0.0074565422607688,72.38,69.94,RUSBoostClassifier_c89f4058-8fa5-429d-84de-ebdc0bfc545a
RUSBoostClassifier,0.1,8,False,0.6535301089226254,0.0285827762705699,0.425104540901252,0.015803006576911,0.6784157441905905,0.0145019635325365,0.6703652799543585,0.0144354157359965,0.7248630807964769,0.0177961218301636,0.5148531626537332,0.0165626663337403,0.6371003937619909,0.0135039243549595,0.6784157441905905,0.0145019635325365,0.6955132866882981,0.0129868717022091,0.63700677362898,0.0117877101733461,0.6784157441905905,0.0145019635325365,0.7382541948699352,0.0105012437735527,0.6703652799543585,0.0144354157359965,0.6784157441905905,0.0145019635325365,0.6784157441905905,0.0145019635325365,66.77,68.26,RUSBoostClassifier_cb629051-d6fd-4205-93d9-336caf3b62e1
RUSBoostClassifier,0.1,8,True,0.7087928212653084,0.0253090886680023,0.4809432211954826,0.0105153589280681,0.7240559559020984,0.0082458637713866,0.7191165261978402,0.0094275147006822,0.783243897609957,0.0167607117749953,0.5728124893830427,0.0109587574550101,0.6844636681433417,0.0078013541461382,0.7240559559020984,0.0082458637713866,0.7378134093879243,0.0072804369770926,0.6787437214020836,0.0072363166735791,0.7240559559020984,0.0082458637713866,0.7732525773590535,0.0069867626640169,0.7191165261978402,0.0094275147006822,0.7240559559020984,0.0082458637713866,0.7240559559020984,0.0082458637713866,72.54,68.06,RUSBoostClassifier_0dff13f9-513b-4773-a643-d3176be99d96
RUSBoostClassifier,0.1,12,False,0.6466853408029879,0.0338085204787232,0.4406402128901268,0.0283165169047889,0.6771428571428572,0.0263754291966239,0.6676600957534019,0.0238256802508679,0.7205165333099265,0.0295931882445184,0.5236024699289994,0.0269891909113504,0.6395659065176488,0.0244306497784665,0.6771428571428572,0.0263754291966239,0.6919972862145526,0.0240501922629404,0.6391824109566724,0.0205601371436785,0.6771428571428572,0.0263754291966239,0.7289511900380454,0.0175870810407324,0.6676600957534019,0.0238256802508679,0.6771428571428572,0.0263754291966239,0.6771428571428572,0.0263754291966239,65.41,57.4,RUSBoostClassifier_f6826f48-8b47-4c9e-bb46-5fee8d3db57c
RUSBoostClassifier,0.1,12,True,0.7053900348017994,0.0476182956243113,0.5038147915145941,0.0155080455170305,0.7292857142857142,0.0125559970223192,0.7218547951813672,0.0227561264685702,0.7889716828864902,0.0216083450420769,0.5875267045894004,0.0257954544407182,0.6929855343881607,0.0165447897242618,0.7292857142857142,0.0125559970223192,0.7406640936138731,0.0125758560168974,0.6866948688378448,0.0165457926698074,0.7292857142857142,0.0125559970223192,0.7693863595807562,0.0174774647983856,0.7218547951813672,0.0227561264685702,0.7292857142857142,0.0125559970223192,0.7292857142857142,0.0125559970223192,72.93,68.64,RUSBoostClassifier_ec21fd02-b8ef-4e5d-b78a-3ecc54f86d1a
RUSBoostClassifier,0.1,14,False,0.5770350404312667,0.0487374006582844,0.422158604837511,0.0389957765093196,0.6780531731338396,0.0296804184422432,0.6457525475661406,0.0326517739002013,0.6924191220289947,0.0326957260635851,0.4871338221021395,0.0405852245588133,0.6261611965121314,0.0312267744519036,0.6780531731338396,0.0296804184422432,0.6915684068256734,0.0276185503110913,0.6232060996194544,0.0287691736160961,0.6780531731338396,0.0296804184422432,0.7178150582688667,0.0246333587882937,0.6457525475661406,0.0326517739002013,0.6780531731338396,0.0296804184422432,0.6780531731338396,0.0296804184422432,70.08,65.35,RUSBoostClassifier_520ec739-69bf-42d6-b6f6-0f82b4f86702
RUSBoostClassifier,0.1,14,True,0.696513926325247,0.0638856448954211,0.4889908887758245,0.0148208787712917,0.7272716968300148,0.0115459533417021,0.7174595906814416,0.0260558898496845,0.779037828430926,0.0307674817763403,0.5737653398845898,0.0287359295558171,0.6865026150514294,0.016591640428945,0.7272716968300148,0.0115459533417021,0.7395469521387605,0.0115750662091187,0.6804925040898345,0.0171374875873914,0.7272716968300148,0.0115459533417021,0.7706308605728192,0.0195863511659022,0.7174595906814416,0.0260558898496845,0.7272716968300148,0.0115459533417021,0.7272716968300148,0.0115459533417021,75.2,68.5,RUSBoostClassifier_d40caf9b-2aef-4a4e-ac93-051d17c73719
RUSBoostClassifier,0.2,2,False,0.7202679115853658,0.0394922445892026,0.2183725802999424,0.0109670226800704,0.7458482686818781,0.0222462989086104,0.7342979265687264,0.0078413807065718,0.8054330064757711,0.0061492088791024,0.3345202448675435,0.0093542043144183,0.5885960630598391,0.0125326497804207,0.7458482686818781,0.0222462989086104,0.7977278663390448,0.0157289873595172,0.5917530880621872,0.0042928861665234,0.7458482686818781,0.0222462989086104,0.8990846660500285,0.0025469804183464,0.7342979265687264,0.0078413807065718,0.7458482686818781,0.0222462989086104,0.7458482686818781,0.0222462989086104,75.09,69.08,RUSBoostClassifier_2bb782dd-64d1-41dd-a759-9439d83ff336
RUSBoostClassifier,0.2,2,True,0.7622328506097562,0.0421188396666714,0.2732494881066471,0.013499127314818,0.7985224541403081,0.0174746396228411,0.7821370118287969,0.0113076770436886,0.8621417158817266,0.0095326723913824,0.4015005945422876,0.0106289064334525,0.6401097024138113,0.0109178191698781,0.7985224541403081,0.0174746396228411,0.8365106220154628,0.0119534058641788,0.6227056430577982,0.0054010460610346,0.7985224541403081,0.0174746396228411,0.9103448037850564,0.0028375352478189,0.7821370118287969,0.0113076770436886,0.7985224541403081,0.0174746396228411,0.7985224541403081,0.0174746396228411,80.71,76.15,RUSBoostClassifier_59a553a6-a1dc-4d94-a7f6-a75493d7eec0
RUSBoostClassifier,0.2,4,False,0.7155172413793103,0.0430075561698154,0.2042676525328968,0.0170188915707815,0.7561944566119703,0.0236244711369234,0.7375955620161778,0.021308992054726,0.8092425311922942,0.0130780872336108,0.3172920664714838,0.0215658967261839,0.5843443274903091,0.018260187829798,0.7561944566119703,0.0236244711369234,0.8093125765723999,0.0166882538284258,0.5866306308730271,0.009591045001525,0.7561944566119703,0.0236244711369234,0.9087381703492412,0.0047129700643781,0.7375955620161778,0.021308992054726,0.7561944566119703,0.0236244711369234,0.7561944566119703,0.0236244711369234,76.25,67.97,RUSBoostClassifier_c967843c-8b26-45e1-bf4a-05db9213d7f7
RUSBoostClassifier,0.2,4,True,0.7591954022988505,0.0464913756693256,0.2594745798782802,0.0083744967433286,0.8098998578450191,0.0114360456528063,0.7867162230188589,0.0168292353452654,0.8661475513274917,0.0132415448256379,0.386279259079998,0.0091281179334933,0.636865566517925,0.0067536833605683,0.8098998578450191,0.0114360456528063,0.8479626416252843,0.0074307606547491,0.6174438952693325,0.0040746844934258,0.8098998578450191,0.0114360456528063,0.9190018599127756,0.0036754912441887,0.7867162230188589,0.0168292353452654,0.8098998578450191,0.0114360456528063,0.8098998578450191,0.0114360456528063,81.81,76.41,RUSBoostClassifier_5861d46b-a4c5-4ead-a4c0-eda86d0a728c
RUSBoostClassifier,0.2,8,False,0.6856959706959707,0.0530975850696871,0.1941024527304723,0.0238571563700564,0.7669339850100245,0.0347562318388048,0.7294809889826089,0.0244035103755064,0.8020495860365171,0.0316064568172351,0.3013846122571539,0.0286901939376027,0.5805385007302014,0.0254524189813872,0.7669339850100245,0.0347562318388048,0.8192620549659397,0.0241234686856333,0.5817104752247891,0.0126589117705869,0.7669339850100245,0.0347562318388048,0.9131775940027062,0.0048782707873475,0.7294809889826089,0.0244035103755064,0.7669339850100245,0.0347562318388048,0.7669339850100245,0.0347562318388048,75.59,68.31,RUSBoostClassifier_57dc4798-f9fa-457c-9eb8-957094c60a9e
RUSBoostClassifier,0.2,8,True,0.7431868131868132,0.0301259281903444,0.2529432088710539,0.0247127269311333,0.8202039345076475,0.021666783501115,0.784697448952256,0.0128427340956704,0.8578957190614245,0.0188280994245969,0.37643698065877,0.0258559050684795,0.6356265624023145,0.0196730461765424,0.8202039345076475,0.021666783501115,0.857277599662648,0.0147894554506771,0.614645579700343,0.0122811982677309,0.8202039345076475,0.021666783501115,0.9239595899871288,0.0024913609864727,0.784697448952256,0.0128427340956704,0.8202039345076475,0.021666783501115,0.8202039345076475,0.021666783501115,83.12,70.42,RUSBoostClassifier_e06fdd5c-a077-4289-addb-4cd27e1f2384
RUSBoostClassifier,0.2,12,False,0.733170731707317,0.0829497816156096,0.1997947996139278,0.0190281632957829,0.7675,0.0165369098611288,0.7516413166466036,0.0382158324882646,0.824362958288598,0.0414855203321583,0.3137100737100737,0.0293023359876875,0.5868024168578186,0.017516602471424,0.7675,0.0165369098611288,0.8203164940496863,0.0116577772951362,0.5868205760964739,0.0126100384866452,0.7675,0.0165369098611288,0.917732486844797,0.0075452612124087,0.7516413166466036,0.0382158324882646,0.7675,0.0165369098611288,0.7675,0.0165369098611288,78.57,55.81,RUSBoostClassifier_745251cd-46ae-431a-8bac-7d069c3c7afb
RUSBoostClassifier,0.2,12,True,0.7390243902439024,0.0736458154093304,0.328849625835413,0.0540176894097093,0.8671428571428571,0.0228571428571428,0.8081004565714844,0.0279735314864432,0.8724947036081077,0.0179403087531068,0.4499824904463766,0.0393836212845782,0.6871323015731188,0.0259715338778015,0.8671428571428571,0.0228571428571428,0.8899084639132336,0.0152619468024301,0.6531360062289231,0.0258770333433212,0.8671428571428571,0.0228571428571428,0.9304247028509142,0.0048835959955456,0.8081004565714844,0.0279735314864432,0.8671428571428571,0.0228571428571428,0.8671428571428571,0.0228571428571428,87.39,60.47,RUSBoostClassifier_7dd9ad72-791f-47dc-83d0-694f20398b7a
RUSBoostClassifier,0.2,14,False,0.6706552706552706,0.1216307352715452,0.1956120191962295,0.0429455298490445,0.7895719197491216,0.0294153701432036,0.7343617772863056,0.0672042566698831,0.7921180962999791,0.0605236212863394,0.3024049850315832,0.0627508448718509,0.58916923798104,0.0393721805382818,0.7895719197491216,0.0294153701432036,0.8373614472362435,0.0211222362893487,0.5833654626549167,0.0264557903922863,0.7895719197491216,0.0294153701432036,0.9189355160030674,0.0122188860555312,0.7343617772863056,0.0672042566698831,0.7895719197491216,0.0294153701432036,0.7895719197491216,0.0294153701432036,79.04,66.67,RUSBoostClassifier_0c3901c4-905a-4071-892b-32de0c840275
RUSBoostClassifier,0.2,14,True,0.6703703703703704,0.1137947518202756,0.3041859358329151,0.0600739209770483,0.8729298119671037,0.0210470797412434,0.7789125422266019,0.0595080456736799,0.8398716547047853,0.045235182519224,0.417052690442205,0.0743502981407207,0.6728365591885302,0.0424483313438866,0.8729298119671037,0.0210470797412434,0.8942379279392287,0.0156914191610347,0.6391084598765101,0.0335153677183179,0.8729298119671037,0.0210470797412434,0.9289791974683635,0.01094279817585,0.7789125422266019,0.0595080456736799,0.8729298119671037,0.0210470797412434,0.8729298119671037,0.0210470797412434,88.89,71.43,RUSBoostClassifier_cd00bbe0-1ebc-40d7-b9b7-60ddd8550faa
RUSBoostClassifier,0.4,2,False,0.7459704245298554,0.0213099507001283,0.0988342079988379,0.0090267008704394,0.7852461746829225,0.0245076094284685,0.7662173577164082,0.0059271984460109,0.844026537705794,0.0085748552799199,0.174302080939352,0.0134895868410986,0.5253348333710894,0.0145960603193412,0.7852461746829225,0.0245076094284685,0.8552288196052368,0.0157709443266953,0.5444603103222748,0.0043513762828983,0.7852461746829225,0.0245076094284685,0.9632510422633548,0.0004306093139147,0.7662173577164082,0.0059271984460109,0.7852461746829225,0.0245076094284685,0.7852461746829225,0.0245076094284685,78.49,73.49,RUSBoostClassifier_91120c4b-7d39-4628-82f2-ffb0ec0a8765
RUSBoostClassifier,0.4,2,True,0.8021358232058755,0.040201604826129,0.1507036712199904,0.014615073910019,0.8557718353653158,0.020289556449085,0.8297854239603029,0.0117794016161117,0.9032125131068044,0.007799897120885,0.2530443912487686,0.0188892024861713,0.5865487966434142,0.0154888295935033,0.8557718353653158,0.020289556449085,0.8999698209165052,0.0123956947735159,0.5718103316784712,0.0068336497577706,0.8557718353653158,0.020289556449085,0.9675580131525444,0.0008756902531895,0.8297854239603029,0.0117794016161117,0.8557718353653158,0.020289556449085,0.8557718353653158,0.020289556449085,85.67,80.96,RUSBoostClassifier_f8f6ae54-83c3-4fa0-bf27-e7eacd40b8b0
RUSBoostClassifier,0.4,4,False,0.727682036950784,0.0425025645266726,0.0989198260177241,0.0122913352370279,0.818777151355271,0.0272098402526138,0.7744352564590546,0.0160331731796206,0.8519016449834685,0.0228155058862502,0.1736746628864201,0.0181634516084264,0.5358340453546285,0.0172817872749117,0.818777151355271,0.0272098402526138,0.8793299335979272,0.0167900047081911,0.5451216530708592,0.0060190675096365,0.818777151355271,0.0272098402526138,0.968329156474464,0.0011627708340407,0.7744352564590546,0.0160331731796206,0.818777151355271,0.0272098402526138,0.818777151355271,0.0272098402526138,82.32,74.66,RUSBoostClassifier_c00b20c5-3055-4bc0-b564-47962292b66d
RUSBoostClassifier,0.4,4,True,0.7891786989597888,0.0347220421570735,0.1463260440150358,0.0110792366487052,0.8748820843709908,0.0129118381807091,0.8331648386918472,0.0121561181103367,0.903011182837148,0.0146158640874111,0.2464580166274488,0.0141503732778702,0.589092992940906,0.0107573864500248,0.8748820843709908,0.0129118381807091,0.9140708125231516,0.007669240141738,0.5700100332892564,0.0052366597416399,0.8748820843709908,0.0129118381807091,0.9718604398960918,0.0008312685554627,0.8331648386918472,0.0121561181103367,0.8748820843709908,0.0129118381807091,0.8748820843709908,0.0129118381807091,87.07,82.19,RUSBoostClassifier_f3c6146c-a7f9-45d0-a8e3-1cb90ab1783c
RUSBoostClassifier,0.4,8,False,0.7261083743842365,0.0912879790021196,0.0704841831983575,0.0168589456702547,0.798843652456637,0.0342846006041098,0.7632127972296461,0.0550983010820239,0.8380551592936584,0.0502614914338469,0.1281734697818886,0.028773650051628,0.5070753896424114,0.0246576058601411,0.798843652456637,0.0342846006041098,0.87104614542983,0.0213822498391705,0.5317934168766201,0.0094045091853389,0.798843652456637,0.0342846006041098,0.974924928196224,0.0028444869975691,0.7632127972296461,0.0550983010820239,0.798843652456637,0.0342846006041098,0.798843652456637,0.0342846006041098,79.8,79.55,RUSBoostClassifier_6e18a80c-951c-4441-bb26-991b90a45323
RUSBoostClassifier,0.4,8,True,0.7746305418719212,0.0578896336765422,0.1182420421496396,0.0216833425284153,0.8786132491979968,0.0194220664843093,0.8276639327357167,0.0336300123570159,0.8930144345694068,0.0426099759329499,0.2046685921721437,0.0336114242303276,0.5694363359111256,0.0220861665101764,0.8786132491979968,0.0194220664843093,0.9198291044887584,0.0116935067450004,0.5565571673566091,0.0113383495997696,0.8786132491979968,0.0194220664843093,0.9775986698477532,0.0017325171799503,0.8276639327357167,0.0336300123570159,0.8786132491979968,0.0194220664843093,0.8786132491979968,0.0194220664843093,88.9,79.55,RUSBoostClassifier_699abdde-00ef-409f-ba79-69ded3c30ffb
RUSBoostClassifier,0.4,12,False,0.6651515151515152,0.123128785781273,0.1183344586448034,0.0585595840132716,0.8735714285714286,0.0464477982167473,0.7715287976087305,0.0620017555569722,0.8158706923851413,0.0878760646385363,0.1962381357596668,0.0835114466047984,0.5635470620551812,0.0534174344267276,0.8735714285714286,0.0464477982167473,0.915946705193424,0.0272782151288681,0.5552673626225177,0.0298387834251805,0.8735714285714286,0.0464477982167473,0.9744552840842295,0.0029270634239576,0.7715287976087305,0.0620017555569722,0.8735714285714286,0.0464477982167473,0.8735714285714286,0.0464477982167472,88.71,40.0,RUSBoostClassifier_0cc0210f-a3ca-4ec2-86de-d43ef8801528
RUSBoostClassifier,0.4,12,True,0.803030303030303,0.1858146632334047,0.1318771079218452,0.0331356262609808,0.8871428571428572,0.0165369098611288,0.8459223683526662,0.0891260247775496,0.8940443912017143,0.0652733138620206,0.2255801653841108,0.0534948555744929,0.5823126774911902,0.0289609295202626,0.8871428571428572,0.0165369098611288,0.9245564087166986,0.0094234424969836,0.5637217527052789,0.0179811864054072,0.8871428571428572,0.0165369098611288,0.9780073854836616,0.0040714445843923,0.8459223683526662,0.0891260247775496,0.8871428571428572,0.0165369098611288,0.8871428571428572,0.0165369098611288,90.74,60.0,RUSBoostClassifier_0a0d4ab5-df37-4ec8-a5e9-55f1b83413f3
RUSBoostClassifier,0.4,14,False,0.6666666666666666,0.1397197371106588,0.1096746267798899,0.0400141813421542,0.8719298245614034,0.028037594886254,0.7715186869685584,0.0682616427172135,0.8317837943737688,0.0939376933446999,0.1864900558378819,0.0598667893013172,0.5583931651016151,0.0362767243013477,0.8719298245614034,0.028037594886254,0.9146380817853746,0.0163960121429696,0.5507894649485435,0.0208581509242632,0.8719298245614034,0.028037594886254,0.9733240375138464,0.0039050369876292,0.7715186869685584,0.0682616427172135,0.8719298245614034,0.028037594886254,0.8719298245614034,0.028037594886254,87.85,25.0,RUSBoostClassifier_7c4e88aa-dbe7-433f-861a-109049db5029
RUSBoostClassifier,0.4,14,True,0.7888888888888889,0.193728841935141,0.1592570022266494,0.0450301993321634,0.9050742433974384,0.0172096084452904,0.8482754377870061,0.0947779626685973,0.8865148602230863,0.0819712891656382,0.2625719709769855,0.0658724793973251,0.6058888224570441,0.0365808393445474,0.9050742433974384,0.0172096084452904,0.9347485008992112,0.0098924769261663,0.5771210912123834,0.0236096693126275,0.9050742433974384,0.0172096084452904,0.9773872133645446,0.0051876123313168,0.8482754377870061,0.0947779626685973,0.9050742433974384,0.0172096084452904,0.9050742433974384,0.0172096084452904,89.27,75.0,RUSBoostClassifier_45d8164c-96ac-4e26-b303-f996ed19ef72
balancedBaggingClassifier,0.1,2,False,0.6721385059313882,0.0186625810937191,0.4359855026076425,0.0108913753366036,0.677583945948395,0.00911489340392,0.6758643110340399,0.0112041141374297,0.7357919671321498,0.0123849329131687,0.5288582291977345,0.0129840817470735,0.6418887752405047,0.0098135817614306,0.677583945948395,0.00911489340392,0.6940543809124528,0.0085561761669118,0.642545718952832,0.0090818206239376,0.677583945948395,0.00911489340392,0.7378768405017713,0.008403765701875,0.6758643110340399,0.0112041141374297,0.677583945948395,0.00911489340392,0.677583945948395,0.00911489340392,69.23,70.39,BalancedBaggingClassifier_5055f694-b0c6-4dcd-8ae9-f74e9ee6a80f
balancedBaggingClassifier,0.1,2,True,0.713562039115101,0.0194585925905119,0.4870390394144251,0.0090972774747825,0.7205552566664362,0.0071173977081249,0.7183468967001154,0.010400654736547,0.7893086046099733,0.0117277794580934,0.578891388977595,0.0121269878409071,0.6848872241327786,0.0084239350578452,0.7205552566664362,0.0071173977081249,0.7338061500854668,0.0068463057557349,0.6798694647211151,0.0080932308628626,0.7205552566664362,0.0071173977081249,0.7688640155221016,0.0078238969468038,0.7183468967001154,0.010400654736547,0.7205552566664362,0.0071173977081249,0.7205552566664362,0.0071173977081249,75.45,75.72,BalancedBaggingClassifier_3840388f-ad37-492a-bcd6-3f95203fb6bd
balancedBaggingClassifier,0.1,4,False,0.6690156356642055,0.0171603786046807,0.4266697940277307,0.0061357593999358,0.6837390656324542,0.0057862818426364,0.6789247616563593,0.0063036822493619,0.7412928721128529,0.0093244248033832,0.520943572136191,0.0072571382347808,0.6424232864900254,0.0051584876146776,0.6837390656324542,0.0057862818426364,0.7014440778390215,0.0050756111681728,0.6420876629226756,0.0046942805277981,0.6837390656324542,0.0057862818426364,0.7467482348050581,0.004696503637547,0.6789247616563593,0.0063036822493619,0.6837390656324542,0.0057862818426364,0.6837390656324542,0.0057862818426364,73.65,70.82,BalancedBaggingClassifier_bb0d3d67-1e4b-470a-a071-3e7848848752
balancedBaggingClassifier,0.1,4,True,0.7114659986349816,0.0177235170799041,0.4790931728585675,0.0141191007342241,0.7267582450709217,0.0109982613979036,0.7217578434842548,0.0111686804717855,0.785614944385751,0.010435792680934,0.57248852329357,0.013634055847722,0.6858308860060699,0.0110078730941226,0.7267582450709217,0.0109982613979036,0.7408982931020722,0.0099871637126992,0.679545951066701,0.0097027161782103,0.7267582450709217,0.0109982613979036,0.7769358815470838,0.0079707658627644,0.7217578434842548,0.0111686804717855,0.7267582450709217,0.0109982613979036,0.7267582450709217,0.0109982613979036,76.53,73.48,BalancedBaggingClassifier_b44a0faf-5973-4729-b963-b4c8fe3e9f2e
balancedBaggingClassifier,0.1,8,False,0.6875698402844403,0.0205152871471676,0.425398712009935,0.0081356726065198,0.6759177678469163,0.0072517461479039,0.6796846462034029,0.0097014986440109,0.7335928054510422,0.0101292744487598,0.5255322055483751,0.0107905884872681,0.6397020504741978,0.0076548825453909,0.6759177678469163,0.0072517461479039,0.6942529228653014,0.0067127260179493,0.642169529333849,0.0073654671990125,0.6759177678469163,0.0072517461479039,0.7457430154080144,0.0073815899203197,0.6796846462034029,0.0097014986440109,0.6759177678469163,0.0072517461479039,0.6759177678469163,0.0072517461479039,66.77,73.25,BalancedBaggingClassifier_c3afb29c-97fe-4bfe-87bf-297a607eb122
balancedBaggingClassifier,0.1,8,True,0.6699997178170325,0.0269173740996067,0.509005079920122,0.0163940656911771,0.7448659766824741,0.0108311307850469,0.7206560348635586,0.0128225985887555,0.7889093925904511,0.0120132714006659,0.5782356597488711,0.0163454299401738,0.6976406314766445,0.0116106252026638,0.7448659766824741,0.0108311307850469,0.7546956765330967,0.0098639809396159,0.6888989885218287,0.0109531377915119,0.7448659766824741,0.0108311307850469,0.7748532598287103,0.009153763918795,0.7206560348635586,0.0128225985887555,0.7448659766824741,0.0108311307850469,0.7448659766824741,0.0108311307850469,78.54,70.86,BalancedBaggingClassifier_1b2a7fc6-5e49-4157-a4e5-14635bf1e57e
balancedBaggingClassifier,0.1,12,False,0.7158220864103217,0.0174890865258159,0.4416018566657326,0.0223044924240666,0.6732142857142857,0.0231730402821547,0.6864921545448929,0.0184110349168779,0.7325079499449247,0.0261089371439316,0.5459281447449064,0.0197526561195914,0.6452370021149074,0.0208336168794666,0.6732142857142857,0.0231730402821547,0.690133456212955,0.0215608099263732,0.6505625472570419,0.0155582414227398,0.6732142857142857,0.0231730402821547,0.7450462509198006,0.0129521386475903,0.6864921545448929,0.0184110349168779,0.6732142857142857,0.0231730402821547,0.6732142857142857,0.0231730402821547,65.79,71.6,BalancedBaggingClassifier_1b2c0ba1-ef06-4709-bd59-f93f83480b1f
balancedBaggingClassifier,0.1,12,True,0.7158220864103217,0.015411630916562,0.5251254443555483,0.0177584588167279,0.7442857142857143,0.012545834335893,0.735436127626797,0.0081327155655618,0.7952932676925722,0.0094743428798273,0.6054870168026742,0.0106713199700426,0.7081157992871725,0.0107865361012091,0.7442857142857143,0.012545834335893,0.7545141238672128,0.0110498153366375,0.7004078413922666,0.0092941984767705,0.7442857142857143,0.012545834335893,0.7796672839537213,0.0063337657072915,0.735436127626797,0.0081327155655618,0.7442857142857143,0.012545834335893,0.7442857142857143,0.012545834335893,78.2,71.01,BalancedBaggingClassifier_e752f480-b4fc-4314-a354-19ef9d329ca2
balancedBaggingClassifier,0.1,14,False,0.6621743036837376,0.0333676803980206,0.4290835018432216,0.0339481384251356,0.6745330663341772,0.0339764811989296,0.6705466871170103,0.0236316488125724,0.721540570391688,0.0293321168729314,0.519510054639311,0.0264135060846924,0.6363509531871466,0.0283372324552429,0.6745330663341772,0.0339764811989296,0.69135028072305,0.0303594623512111,0.6385034327638216,0.0215333127332648,0.6745330663341772,0.0339764811989296,0.7370442596443191,0.0165076280315198,0.6705466871170103,0.0236316488125724,0.6745330663341772,0.0339764811989296,0.6745330663341772,0.0339764811989296,66.31,78.74,BalancedBaggingClassifier_6b01bcf1-8b0a-4c87-b354-486b5694e401
balancedBaggingClassifier,0.1,14,True,0.7742318059299191,0.0475801227609034,0.4650622607021275,0.018779496777772,0.7041598972305134,0.0174309350022123,0.7265953082667502,0.0216999853761072,0.7764586988668425,0.033115594203385,0.5805683922939783,0.0229643154124993,0.6758997116420231,0.01746450101765,0.7041598972305134,0.0174309350022123,0.7207596478440553,0.0161336455545207,0.6793550044495825,0.0164267414330928,0.7041598972305134,0.0174309350022123,0.7802094761301712,0.0172640688567857,0.7265953082667502,0.0216999853761072,0.7041598972305134,0.0174309350022123,0.7041598972305134,0.0174309350022123,72.51,81.89,BalancedBaggingClassifier_c0b04a1a-dbeb-4671-b987-4407652a473b
balancedBaggingClassifier,0.2,2,False,0.7507256097560976,0.0244044667422797,0.2053723447927131,0.0079951639695269,0.7203829773091991,0.0159199756577046,0.7340815411564499,0.0079639175682947,0.8028092410560597,0.0076725473791381,0.3223158727367931,0.0090308510140971,0.5730218912040373,0.0100798804257765,0.7203829773091991,0.0159199756577046,0.7793799039372664,0.0116701562499743,0.5864027697783227,0.0039554143289866,0.7203829773091991,0.0159199756577046,0.900031225798244,0.0022615804733975,0.7340815411564499,0.0079639175682947,0.7203829773091991,0.0159199756577046,0.7203829773091991,0.0159199756577046,72.43,74.32,BalancedBaggingClassifier_6fa75f8a-557c-48ce-8b56-04e999206a1c
balancedBaggingClassifier,0.2,2,True,0.7868311737804878,0.0386062684141734,0.2640835364701163,0.0074776564117592,0.7867306594066914,0.0125345476468062,0.7867751374459955,0.0115715053927815,0.8604197448726936,0.0081899038787206,0.3950418497364604,0.005822319737787,0.6327459092840415,0.006579951162283,0.7867306594066914,0.0125345476468062,0.8284019308782702,0.0085406803465346,0.6192816285165341,0.0027401084102629,0.7867306594066914,0.0125345476468062,0.9116472809090244,0.0031273884130511,0.7867751374459955,0.0115715053927815,0.7867306594066914,0.0125345476468062,0.7867306594066914,0.0125345476468062,79.17,77.9,BalancedBaggingClassifier_c54cee92-d560-44ac-b786-349bed41e2da
balancedBaggingClassifier,0.2,4,False,0.7614942528735632,0.0243151675877082,0.1867878079311143,0.0050945452624972,0.719830291725317,0.0090695674089412,0.7388804983378596,0.0102979658693792,0.8091155535131472,0.0096990448794412,0.2999324190953502,0.007395352996816,0.5623810143090654,0.0062016494935481,0.719830291725317,0.0090695674089412,0.7834710360150611,0.0065968221781205,0.5795589237922346,0.0033239365389312,0.719830291725317,0.0090695674089412,0.9104343270597416,0.0025550269232115,0.7388804983378596,0.0102979658693792,0.719830291725317,0.0090695674089412,0.719830291725317,0.0090695674089412,72.81,77.71,BalancedBaggingClassifier_6fef536d-b3a8-46d3-a4ed-9834d91bffb5
balancedBaggingClassifier,0.2,4,True,0.803448275862069,0.0254176372270068,0.2345812263294526,0.0059164192257723,0.7777932879552979,0.0079284166449697,0.789523681352733,0.0102165051574749,0.8646925483185148,0.0132948037766229,0.3630405347927948,0.007811757808656,0.6142159661332633,0.0059170773754634,0.7777932879552979,0.0079284166449697,0.825809324972718,0.0055254709697154,0.6066950657194135,0.0033997539224624,0.7777932879552979,0.0079284166449697,0.9201685166692632,0.002419052281491,0.789523681352733,0.0102165051574749,0.7777932879552979,0.0079284166449697,0.7777932879552979,0.0079284166449697,78.47,80.74,BalancedBaggingClassifier_f1df686b-4010-44d9-a9f6-0216b60cb8c6
balancedBaggingClassifier,0.2,8,False,0.7507326007326007,0.0569937062115905,0.1756569752054392,0.0184066056694453,0.7240647146524267,0.0309853239966755,0.7363476487434649,0.0286917400784697,0.8020896255944898,0.0318700663417174,0.2841576818124524,0.0253074230939366,0.5564385447781612,0.0226377222848946,0.7240647146524267,0.0309853239966755,0.7892866443698006,0.0223243328798403,0.5747425625396648,0.0108774038223175,0.7240647146524267,0.0309853239966755,0.9160247288033416,0.0059063619159938,0.7363476487434649,0.0286917400784697,0.7240647146524267,0.0309853239966755,0.7240647146524267,0.0309853239966755,72.21,73.94,BalancedBaggingClassifier_2dd2ca32-258d-4cd8-a71e-8b24e6d4a8a2
balancedBaggingClassifier,0.2,8,True,0.7393223443223442,0.0457928055587019,0.2633793152444103,0.025154515799082,0.8290828048406051,0.0217854742982191,0.7877013598513024,0.0167734601141224,0.8550872948035293,0.0198914958728732,0.3870432363363825,0.024784238858481,0.6437877159697727,0.0188753415940151,0.8290828048406051,0.0217854742982191,0.8633488511213054,0.0146386294080388,0.6198524347192981,0.0122067953295229,0.8290828048406051,0.0217854742982191,0.9246954169342524,0.003128224134528,0.7877013598513024,0.0167734601141224,0.8290828048406051,0.0217854742982191,0.8290828048406051,0.0217854742982191,84.21,68.31,BalancedBaggingClassifier_ac4932bb-ea97-411d-b877-d0a5cc2898b5
balancedBaggingClassifier,0.2,12,False,0.7130487804878047,0.1054801209664445,0.25022805883487,0.0479110787711285,0.8225,0.0233812675761898,0.7720075679525136,0.0584674939480113,0.8317134869336688,0.0332762733311304,0.369939930421559,0.0650881626727914,0.6332889957007415,0.0390790228051399,0.8225,0.0233812675761898,0.8584948428440391,0.0172506991282014,0.6120146444372976,0.0282759357932519,0.8225,0.0233812675761898,0.9213689682803338,0.0113096435317804,0.7720075679525136,0.0584674939480113,0.8225,0.0233812675761898,0.8225,0.0233812675761898,85.41,55.81,BalancedBaggingClassifier_3c4a75f6-5a7d-4ae8-bd92-a05b42101620
balancedBaggingClassifier,0.2,12,True,0.8274390243902439,0.0627071225960119,0.253449579991624,0.0322075294263799,0.8089285714285713,0.0218995853096512,0.8174582108760171,0.0370030343411377,0.8827445479381983,0.019732773295557,0.3875130419551128,0.0425473835193252,0.6371233697017982,0.0278984267346472,0.8089285714285713,0.0218995853096512,0.8505514125425169,0.0157067528241171,0.6184991247601989,0.0184947166442845,0.8089285714285713,0.0218995853096512,0.9306280491486436,0.0074086475396006,0.8174582108760171,0.0370030343411377,0.8089285714285713,0.0218995853096512,0.8089285714285713,0.0218995853096512,83.74,65.12,BalancedBaggingClassifier_0ba4a85d-e89f-4b57-a41f-26a8165fea63
balancedBaggingClassifier,0.2,14,False,0.7316239316239315,0.1197720255569799,0.1684924581614642,0.0296642961946061,0.7373244669462602,0.02878575483391,0.7346893098110383,0.0624686016374883,0.7850026233318991,0.0532142055697934,0.2734898718594371,0.0463112634197305,0.5564589054111702,0.0307836657837122,0.7373244669462602,0.02878575483391,0.8013395394676378,0.020733769358854,0.5714823939815845,0.0198660690681046,0.7373244669462602,0.02878575483391,0.920232693411211,0.0122853449466317,0.7346893098110383,0.0624686016374883,0.7373244669462602,0.02878575483391,0.7373244669462602,0.02878575483391,69.6,85.71,BalancedBaggingClassifier_11488c85-507e-4086-8191-b800c294c9c8
balancedBaggingClassifier,0.2,14,True,0.7153846153846153,0.1023993612044912,0.2534321674834891,0.0251019240553964,0.8397790959811589,0.0048663901889621,0.7820314955890122,0.0493460725553938,0.831304325037841,0.0424442090390603,0.3740598813032271,0.0407113562288142,0.6410798038815357,0.0212134343941207,0.8397790959811589,0.0048663901889621,0.8721884676581805,0.0041744113584132,0.6149987451466791,0.0163488451954931,0.8397790959811589,0.0048663901889621,0.927912675944374,0.0085484085829386,0.7820314955890122,0.0493460725553938,0.8397790959811589,0.0048663901889621,0.8397790959811589,0.0048663901889621,84.28,76.19,BalancedBaggingClassifier_1113857f-288b-4dca-844d-f22f0547d542
balancedBaggingClassifier,0.4,2,False,0.7758011395448408,0.0101874006064614,0.0920287981123318,0.0056273114767665,0.7618178825376689,0.0160138262155658,0.7685922566273907,0.008628728002734,0.8420862319149057,0.0099059659939723,0.1644768634992288,0.008974476950517,0.5127514239249432,0.0097586115729703,0.7618178825376689,0.0160138262155658,0.8400533061304504,0.0105990939082459,0.541484112898026,0.0029075096981963,0.7618178825376689,0.0160138262155658,0.9638736011665852,0.0005095562445085,0.7685922566273907,0.008628728002734,0.7618178825376689,0.0160138262155658,0.7618178825376689,0.0160138262155658,76.5,74.46,BalancedBaggingClassifier_eeea845a-705c-475d-adeb-93714dfb7702
balancedBaggingClassifier,0.4,2,True,0.8331176102493165,0.0259796883994072,0.139326221286094,0.0075887291414076,0.8393357721691939,0.0123388389775944,0.8363226934656337,0.0100883941029109,0.903348894597592,0.0053384634798282,0.2385743224011584,0.0108478415184824,0.5743597232686614,0.0090488151913619,0.8393357721691939,0.0123388389775944,0.8899245201932896,0.0076670590046171,0.5666013202854139,0.0036961563969416,0.8393357721691939,0.0123388389775944,0.9681462427165516,0.0007964748696419,0.8363226934656337,0.0100883941029109,0.8393357721691939,0.0123388389775944,0.8393357721691939,0.0123388389775944,84.2,82.17,BalancedBaggingClassifier_5b2d716b-b59d-4790-b6bc-e4c4afc0c7c3
balancedBaggingClassifier,0.4,4,False,0.771634839310666,0.0395552052901806,0.0840463062969603,0.0084861475479799,0.7757570696059034,0.0197928495342013,0.7737514429595418,0.0238983235621212,0.8496632976678876,0.0223124753157705,0.1514962035776884,0.0142813285704887,0.5110901941749091,0.0131939453357837,0.7757570696059034,0.0197928495342013,0.8521529233095576,0.0128804865692489,0.5381540802964164,0.0047691233326246,0.7757570696059034,0.0197928495342013,0.9688599778010636,0.0015842337026547,0.7737514429595418,0.0238983235621212,0.7757570696059034,0.0197928495342013,0.7757570696059034,0.0197928495342013,78.36,76.71,BalancedBaggingClassifier_e1f84508-5241-449f-9d2b-6b5de88ed920
balancedBaggingClassifier,0.4,4,True,0.8366092221704704,0.0222808207027876,0.1175263031020103,0.0057461745773043,0.8334473731268845,0.010447596798694,0.8349870517251269,0.0099163139432832,0.9027032387851388,0.0144752798153079,0.2060249658962067,0.0088244274659313,0.5564784779450933,0.0074628506487546,0.8334473731268845,0.010447596798694,0.8888717968812484,0.0064854587083131,0.5561848293142864,0.0028943849446517,0.8334473731268845,0.010447596798694,0.9722377782990284,0.0007466652831247,0.8349870517251269,0.0099163139432832,0.8334473731268845,0.010447596798694,0.8334473731268845,0.010447596798694,84.21,85.62,BalancedBaggingClassifier_8511f84f-ddbf-441b-bf33-c58423180657
balancedBaggingClassifier,0.4,8,False,0.8100985221674877,0.1190254211794361,0.0628981162700685,0.0136234457323889,0.7530607982397799,0.0339596751648142,0.7810072026467809,0.0671559637019479,0.8400463336595294,0.0458257225812998,0.1166049493259018,0.0244159469705149,0.4863562182389913,0.0223438979164697,0.7530607982397799,0.0339596751648142,0.8415391821832621,0.0223300187977574,0.5288983817675921,0.0082257722227544,0.7530607982397799,0.0339596751648142,0.9765370943987634,0.0034779544147267,0.7810072026467809,0.0671559637019479,0.7530607982397799,0.0339596751648142,0.7530607982397799,0.0339596751648142,74.27,79.55,BalancedBaggingClassifier_ca15870a-bf4d-4738-88d0-7b080fabe7c3
balancedBaggingClassifier,0.4,8,True,0.8455665024630541,0.0555668518313441,0.0864021530973749,0.0158120334345461,0.8154921118309542,0.0319085739143009,0.8302304154201934,0.0357566447101606,0.8885261341994564,0.0346119452031074,0.1564586243831756,0.0264988328901894,0.5262912162160583,0.0228352855575801,0.8154921118309542,0.0319085739143009,0.8815503418927595,0.0199038059453627,0.5412885904742589,0.008370984167449,0.8154921118309542,0.0319085739143009,0.978250306219836,0.0018018554056179,0.8302304154201934,0.0357566447101606,0.8154921118309542,0.0319085739143009,0.8154921118309542,0.0319085739143009,83.44,86.36,BalancedBaggingClassifier_f07ed94d-63b7-4817-94bc-6944cefb203a
balancedBaggingClassifier,0.4,12,False,0.7545454545454546,0.1024941486381076,0.070745483078766,0.0077168143887525,0.7928571428571429,0.0207327503909999,0.7740940879417606,0.0479428840424919,0.8221824261521522,0.0470016769279571,0.1292826519345605,0.0139985868719147,0.505778848459378,0.0107283236915765,0.7928571428571429,0.0207327503909999,0.8669512013818386,0.0135222802745568,0.5321905806164253,0.0049705861977983,0.7928571428571429,0.0207327503909999,0.9748465499269696,0.0029606385032118,0.7740940879417606,0.0479428840424919,0.7928571428571429,0.0207327503909999,0.7928571428571429,0.0207327503909999,83.36,80.0,BalancedBaggingClassifier_28eee5cd-f677-4671-9832-f1c2487d87fa
balancedBaggingClassifier,0.4,12,True,0.803030303030303,0.1858146632334047,0.1323287823287823,0.0378881916329968,0.8860714285714286,0.0200573158315699,0.8453775822119726,0.0896775080791451,0.8815613506127447,0.0514380169158054,0.2258372962946734,0.059666331914715,0.5821168440855045,0.0332990494196663,0.8860714285714286,0.0200573158315699,0.923930722204133,0.0114905547371929,0.5639430698089294,0.0202445540221346,0.8860714285714286,0.0200573158315699,0.9780125420152228,0.0040871526130304,0.8453775822119726,0.0896775080791451,0.8860714285714286,0.0200573158315699,0.8860714285714286,0.0200573158315699,89.87,60.0,BalancedBaggingClassifier_010ecd9c-72e0-45b0-bef0-a173218e396c
balancedBaggingClassifier,0.4,14,False,0.8111111111111111,0.1183737541814584,0.0719141320199453,0.006225341607558,0.7749738668278737,0.0275564999970341,0.7926744007206732,0.0466379329441618,0.8646394253656464,0.0478700463420116,0.1318751694421748,0.0108772976199899,0.5011418376268539,0.0113226533518273,0.7749738668278737,0.0275564999970341,0.8548313681576707,0.0176413533868264,0.5333795258161496,0.0036836366613569,0.7749738668278737,0.0275564999970341,0.9753823322309614,0.003653302822858,0.7926744007206732,0.0466379329441618,0.7749738668278737,0.0275564999970341,0.7749738668278737,0.0275564999970341,76.72,50.0,BalancedBaggingClassifier_7862aa8b-0280-4f99-b016-5c1c33be8ae8
balancedBaggingClassifier,0.4,14,True,0.836111111111111,0.1611111111111111,0.1604400687194396,0.0489968325963792,0.9000541554892255,0.0199149591944689,0.868808966668864,0.0810303577508977,0.8951094833710516,0.053896172027684,0.2669039993430237,0.0708894023604145,0.6066029387251725,0.040369728923814,0.9000541554892255,0.0199149591944689,0.9320002832421485,0.0117556716962656,0.5782446792317908,0.0254758207297718,0.9000541554892255,0.0199149591944689,0.9784546763377484,0.004667416401865,0.868808966668864,0.0810303577508977,0.9000541554892255,0.0199149591944689,0.9000541554892255,0.0199149591944689,89.47,50.0,BalancedBaggingClassifier_0d5190cd-6107-4e39-96ad-bd05fe649956
easyEnsembleClassifier,0.1,2,False,0.6709201667201026,0.0223628851264799,0.4282161886276684,0.008088446125805,0.6699875097466003,0.0085607879985629,0.6702821065907385,0.0068524427441692,0.7295375706464643,0.0081046557768492,0.5225558719960922,0.0079206550409525,0.6351367425116821,0.006571102308652,0.6699875097466003,0.0085607879985629,0.6870947310256552,0.00750868287215,0.6375293296608067,0.0054175987743254,0.6699875097466003,0.0085607879985629,0.734131007381373,0.0054400174495394,0.6702821065907385,0.0068524427441692,0.6699875097466003,0.0085607879985629,0.6699875097466003,0.0085607879985629,67.47,67.4,EasyEnsembleClassifier_50c5046c-4bc1-4de8-ac86-477a874d6480
easyEnsembleClassifier,0.1,2,True,0.7174094260981084,0.0174888085596151,0.4708549442747359,0.006626683022613,0.706795277578408,0.0056987715905189,0.7101470425979576,0.0071745578049505,0.7796794485191073,0.0111917493211785,0.5684653866702977,0.0080565606664455,0.6731969538612177,0.0057089209770046,0.706795277578408,0.0056987715905189,0.7215323530200756,0.0051981325797398,0.6709569440791958,0.0054159416483578,0.706795277578408,0.0056987715905189,0.7633074612697126,0.0055503124688556,0.7101470425979576,0.0071745578049505,0.706795277578408,0.0056987715905189,0.706795277578408,0.0056987715905189,70.68,72.14,EasyEnsembleClassifier_a2e2436b-e453-435c-9d69-a035d0e6f305
easyEnsembleClassifier,0.1,4,False,0.6806373704783769,0.0216608780967761,0.4127181772207041,0.0093772170301349,0.6687950540238143,0.0092408057699578,0.6726673824545741,0.009738046232108,0.7327188937366976,0.0078082989375072,0.5137231141500305,0.010963000843106,0.6312584795058747,0.0086055764828258,0.6687950540238143,0.0092408057699578,0.6883630372381073,0.0083726841986126,0.63512850796182,0.0074969074436973,0.6687950540238143,0.0092408057699578,0.7431866668645332,0.0071671423388511,0.6726673824545741,0.009738046232108,0.6687950540238143,0.0092408057699578,0.6687950540238143,0.0092408057699578,67.37,66.39,EasyEnsembleClassifier_842deed9-3e8b-45e4-bf09-85dfd987eb39
easyEnsembleClassifier,0.1,4,True,0.7326005149841782,0.0194698045951643,0.4589671228783901,0.0116846441769413,0.7090066930961731,0.0101834944909619,0.7167214218752818,0.0091756169695941,0.7834064998002834,0.0096635591657328,0.5641944712272577,0.010798391051883,0.6728504128148168,0.0092603130859503,0.7090066930961731,0.0101834944909619,0.7256410991491483,0.0091078208562617,0.6712100792884254,0.0076596266642408,0.7090066930961731,0.0101834944909619,0.7743285712878831,0.0065827780052519,0.7167214218752818,0.0091756169695941,0.7090066930961731,0.0101834944909619,0.7090066930961731,0.0101834944909619,70.94,71.1,EasyEnsembleClassifier_3acf6a61-bced-403d-8580-2f895cacc59b
easyEnsembleClassifier,0.1,8,False,0.6678875783057735,0.0248944240819324,0.4182087679743702,0.0108945439359615,0.6705062076439828,0.0105886713037029,0.6696578357841438,0.0106952079737007,0.7268483930227697,0.015182261262859,0.5141505328208067,0.0124590701760751,0.632377843070668,0.0096822617241616,0.6705062076439828,0.0105886713037029,0.688868618037444,0.0094954337810557,0.6347781923086669,0.0083408703468443,0.6705062076439828,0.0105886713037029,0.7382562799584923,0.0077436264986703,0.6696578357841438,0.0106952079737007,0.6705062076439828,0.0105886713037029,0.6705062076439828,0.0105886713037029,65.85,68.86,EasyEnsembleClassifier_abdc8c14-695f-4718-b7c7-5d356ab54a6e
easyEnsembleClassifier,0.1,8,True,0.7220808172018737,0.0316331576458956,0.4683033222015112,0.0090027306107701,0.7130965454911206,0.007974741503733,0.7159979965300123,0.0083040693252909,0.7838379422911048,0.0153868826311569,0.5677449197029767,0.0088382136068866,0.6764301502208865,0.005801044821346,0.7130965454911206,0.007974741503733,0.7283621825520437,0.0067141016669075,0.6735629930501964,0.0055981199935225,0.7130965454911206,0.007974741503733,0.7716362393632757,0.0069156639899674,0.7159979965300123,0.0083040693252909,0.7130965454911206,0.007974741503733,0.7130965454911206,0.007974741503733,71.23,71.26,EasyEnsembleClassifier_641fbfc0-99e2-46a9-9ac7-5ac2a8ebd13f
easyEnsembleClassifier,0.1,12,False,0.6701807995925644,0.0298102771138157,0.424736518941496,0.0217454760513562,0.6603571428571429,0.0212912265154126,0.6634276264093708,0.0201702618221003,0.7242921851730892,0.0298930801941251,0.5196614590142399,0.022370970809226,0.628382334099292,0.0201187456239286,0.6603571428571429,0.0212912265154126,0.6775349268856411,0.0197578529562684,0.6327001006965348,0.0167265330879009,0.6603571428571429,0.0212912265154126,0.7267344426047064,0.0149649730962467,0.6634276264093708,0.0201702618221003,0.6603571428571429,0.0212912265154126,0.6603571428571429,0.0212912265154126,62.22,63.31,EasyEnsembleClassifier_fdce74b1-9542-46f8-9526-fe4b0d158be1
easyEnsembleClassifier,0.1,12,True,0.7262456497750616,0.0512055893443033,0.5012315270935961,0.0174468753001737,0.7271428571428571,0.0147858868174888,0.7268687248403273,0.0236998663369566,0.7956387836277724,0.0240026696040417,0.592662352432556,0.0266555516112177,0.6936792310042736,0.0176696263074678,0.7271428571428571,0.0147858868174888,0.7393500848149146,0.0143234917472634,0.6887202484021364,0.0173025659444518,0.7271428571428571,0.0147858868174888,0.7734919184242243,0.0182146577897838,0.7268687248403273,0.0236998663369566,0.7271428571428571,0.0147858868174888,0.7271428571428571,0.0147858868174888,73.68,71.01,EasyEnsembleClassifier_abb26f01-0e2a-475a-b2d0-b4a659896efc
easyEnsembleClassifier,0.1,14,False,0.614878706199461,0.0710735235497196,0.3983167046765077,0.0293251569049651,0.6524300701502501,0.0251317987161614,0.6404341167632959,0.0339143002308853,0.6869274701915996,0.0358051448917438,0.4826404145511702,0.0406469462669296,0.6102023220954507,0.027669458179894,0.6524300701502501,0.0251317987161614,0.6702217762656331,0.0237366305385712,0.6133941954655613,0.0261529327407744,0.6524300701502501,0.0251317987161614,0.714613864800631,0.0254190748274577,0.6404341167632959,0.0339143002308853,0.6524300701502501,0.0251317987161614,0.6524300701502501,0.0251317987161614,68.19,69.29,EasyEnsembleClassifier_d6e5bee5-c594-4ff8-ac91-0a99dd068508
easyEnsembleClassifier,0.1,14,True,0.72303683737646,0.058354134437393,0.4758298201546572,0.0216504465748579,0.715716426745255,0.0181401193778965,0.7180848780832461,0.0262435755070194,0.7768693369478908,0.0310196476633236,0.5732316738135896,0.0295394936105994,0.6799073522385972,0.0202347293777315,0.715716426745255,0.0181401193778965,0.7301028226272066,0.0170305500080741,0.6769354099909407,0.0192067043432275,0.715716426745255,0.0181401193778965,0.7715943917666648,0.0197304499197218,0.7180848780832461,0.0262435755070194,0.715716426745255,0.0181401193778965,0.715716426745255,0.0181401193778965,75.47,70.87,EasyEnsembleClassifier_7b2eb65d-670d-4a33-843a-951d436f0104
easyEnsembleClassifier,0.2,2,False,0.7231972179878049,0.0386319930685839,0.2143008301297275,0.0121705561638662,0.7394259237511833,0.0236817632555979,0.7320977388830966,0.0090617357991711,0.8033129375843752,0.0056394060637204,0.3300146416632424,0.011705839358929,0.5839972548749264,0.0141215393191381,0.7394259237511833,0.0236817632555979,0.7930523170146664,0.0169049101776764,0.5897244418850665,0.0052969741476256,0.7394259237511833,0.0236817632555979,0.8987376785494131,0.0027535793213518,0.7320977388830966,0.0090617357991711,0.7394259237511833,0.0236817632555979,0.7394259237511833,0.0236817632555979,74.47,69.63,EasyEnsembleClassifier_cba2a74c-b5bd-4b7e-bf54-0828648bd3a3
easyEnsembleClassifier,0.2,2,True,0.7671129954268292,0.042256499211768,0.264107384106789,0.0162729316321406,0.788716234140165,0.0211905354606199,0.7789614149246404,0.0110542806522081,0.8601425110111232,0.0094986139927991,0.3920169084758232,0.0142337461957166,0.6319753765763922,0.0141384460470961,0.788716234140165,0.0211905354606199,0.8294869412170651,0.0147225693600583,0.6182296402708276,0.0069286382519895,0.788716234140165,0.0211905354606199,0.9097094256043052,0.0028266211078719,0.7789614149246404,0.0110542806522081,0.788716234140165,0.0211905354606199,0.788716234140165,0.0211905354606199,79.6,76.87,EasyEnsembleClassifier_0baca958-4f0c-4aea-a979-42eff627fcd1
easyEnsembleClassifier,0.2,4,False,0.7275862068965517,0.0405732473441903,0.2015704965234118,0.0117689676751717,0.7503073188897966,0.0203061591878271,0.7399186182587973,0.0154582437332734,0.8093315985014442,0.0113092714611449,0.3152586916537637,0.0142701305189431,0.5811945251505672,0.0134349749131309,0.7503073188897966,0.0203061591878271,0.8052222336793371,0.0142468841688154,0.5857991495758437,0.0062532238353091,0.7503073188897966,0.0203061591878271,0.909478330985227,0.0036080052714563,0.7399186182587973,0.0154582437332734,0.7503073188897966,0.0203061591878271,0.7503073188897966,0.0203061591878271,76.15,69.7,EasyEnsembleClassifier_59b2e90b-c120-405d-9e2c-a0a824dab18d
easyEnsembleClassifier,0.2,4,True,0.7867816091954023,0.0397092751037349,0.2440929624155517,0.0100949144926155,0.790744638222546,0.012728446729499,0.7889326596627262,0.0157015319593286,0.8652004818289084,0.0121265356350962,0.3722822580011342,0.0124171465125777,0.6233251501186093,0.0095302699544548,0.790744638222546,0.012728446729499,0.834806882289541,0.0087453461881258,0.6108092518733134,0.0054831151894249,0.790744638222546,0.012728446729499,0.9197357588438558,0.0036162090284381,0.7889326596627262,0.0157015319593286,0.790744638222546,0.012728446729499,0.790744638222546,0.012728446729499,79.34,78.79,EasyEnsembleClassifier_c2f39ed5-23d4-4177-a7ca-cfd685f170ba
easyEnsembleClassifier,0.2,8,False,0.7182417582417582,0.0562194515795152,0.1779657982744858,0.0216365202152575,0.7354415613290586,0.0361581770562408,0.7275068647456129,0.0303757753446443,0.7957147569950143,0.0344023151075721,0.2845062280767786,0.0290620357831947,0.5608714552593072,0.0265038220837014,0.7354415613290586,0.0361581770562408,0.7972107598539624,0.0259199899640301,0.5745040710805004,0.0124735333527348,0.7354415613290586,0.0361581770562408,0.9136081937502796,0.0060899013434513,0.7275068647456129,0.0303757753446443,0.7354415613290586,0.0361581770562408,0.7354415613290586,0.0361581770562408,72.09,71.13,EasyEnsembleClassifier_400c51f1-b43d-4fb0-b875-30ca37aa8fbb
easyEnsembleClassifier,0.2,8,True,0.7643040293040293,0.025914579504713,0.2340643655149844,0.0203466225508934,0.7995329949824873,0.0238807790237686,0.7832915379137175,0.0091289334312705,0.8551971865105645,0.0163351727550597,0.3575689497447411,0.0221408059029411,0.6193069698332374,0.0189519849600647,0.7995329949824873,0.0238807790237686,0.8431367259890814,0.0164271503839229,0.6058441660209296,0.0098009667060641,0.7995329949824873,0.0238807790237686,0.923776538380944,0.0015305284370173,0.7832915379137175,0.0091289334312705,0.7995329949824873,0.0238807790237686,0.7995329949824873,0.0238807790237686,79.14,72.54,EasyEnsembleClassifier_146d291b-4752-4f09-bccf-2e4561ec3d08
easyEnsembleClassifier,0.2,12,False,0.7482926829268293,0.0672209016104767,0.192720620792668,0.0162541479946972,0.7542857142857142,0.014133113526721,0.7515044265382628,0.0322628711377233,0.825061027123166,0.0212359152475564,0.3063344251907554,0.0252154219232528,0.5784710831359885,0.0154743966602016,0.7542857142857142,0.014133113526721,0.8111615165881314,0.0100518946212598,0.5837149590599933,0.010797877413429,0.7542857142857142,0.014133113526721,0.9180211114688636,0.0063385708315354,0.7515044265382628,0.0322628711377233,0.7542857142857142,0.014133113526721,0.7542857142857142,0.014133113526721,75.53,60.47,EasyEnsembleClassifier_bf0d218a-e1b1-483c-9b74-89d5001c69f3
easyEnsembleClassifier,0.2,12,True,0.778170731707317,0.0419207206208411,0.251655809175442,0.0312587386007615,0.8128571428571428,0.0253898179816803,0.796870677844173,0.0168009426884976,0.874812385450444,0.0166060324857623,0.3787435445639101,0.0326712585425529,0.6341945057066528,0.0240908704658202,0.8128571428571428,0.0253898179816803,0.8526199181276487,0.017178802735693,0.6154625689180048,0.0153687342255356,0.8128571428571428,0.0253898179816803,0.9265357355842035,0.0029306850267149,0.796870677844173,0.0168009426884976,0.8128571428571428,0.0253898179816803,0.8128571428571428,0.0253898179816803,83.13,60.47,EasyEnsembleClassifier_33958c43-d434-46f3-bd85-461d5cc4133d
easyEnsembleClassifier,0.2,14,False,0.603988603988604,0.1246809061799006,0.2374277481355107,0.0599852184271163,0.8397954685709248,0.0272872894943975,0.7303773411503174,0.0681029225999863,0.7834280399912374,0.0478665170526816,0.3396928568976762,0.0784033834991013,0.624213508824797,0.0464948726930182,0.8397954685709248,0.0272872894943975,0.8704565463252052,0.0199967114665446,0.6025849971772811,0.0345282488368552,0.8397954685709248,0.0272872894943975,0.918601614010258,0.0130281018971882,0.7303773411503174,0.0681029225999863,0.8397954685709248,0.0272872894943975,0.8397954685709248,0.0272872894943975,84.49,57.14,EasyEnsembleClassifier_2e9b94a2-aee5-457b-b7d9-515d21991cd7
easyEnsembleClassifier,0.2,14,True,0.6182336182336182,0.086264117915786,0.3553379028379028,0.1089268335990256,0.8930277956197026,0.0254094006849871,0.765505384023339,0.0481356775489668,0.8295621760624803,0.0283073054207924,0.4455216921033889,0.0954462022088495,0.6931257868631905,0.0545606838519895,0.8930277956197026,0.0254094006849871,0.9074584515741864,0.0193954830701324,0.6630551002641869,0.0564891793478937,0.8930277956197026,0.0254094006849871,0.9294015320876684,0.0113958141887062,0.765505384023339,0.0481356775489668,0.8930277956197026,0.0254094006849871,0.8930277956197026,0.0254094006849871,90.99,61.9,EasyEnsembleClassifier_58c4012d-fb85-4337-8e1b-270988e01d8e
easyEnsembleClassifier,0.4,2,False,0.7562872575173731,0.0313030347504654,0.095597988774934,0.0081062470627499,0.774956569506673,0.026174786011702,0.7659110582319149,0.0075344695649495,0.8413362518763469,0.0090346697075088,0.1695039763668979,0.012128661016998,0.5195500588977262,0.014507237859209,0.774956569506673,0.026174786011702,0.8485168555510916,0.0170334270527488,0.5429822717094333,0.0037963664220729,0.774956569506673,0.026174786011702,0.9634253486685364,0.0007970064234506,0.7659110582319149,0.0075344695649495,0.774956569506673,0.026174786011702,0.774956569506673,0.026174786011702,77.85,74.22,EasyEnsembleClassifier_574edbe4-126d-4731-9050-4425fa699d01
easyEnsembleClassifier,0.4,2,True,0.8055676316569509,0.0488388076591776,0.1442573940946933,0.0158793963542233,0.8473295119904047,0.0241252026091239,0.8270956469745643,0.0140668153947183,0.9001333469850449,0.0084783029922085,0.2438054492348964,0.0204384577687478,0.5793579314425261,0.0174693001267873,0.8473295119904047,0.0241252026091239,0.8947036852770112,0.0147766184697162,0.5686197607576817,0.0073341010914542,0.8473295119904047,0.0241252026091239,0.9674270079921484,0.0010914581660844,0.8270956469745643,0.0140668153947183,0.8473295119904047,0.0241252026091239,0.8473295119904047,0.0241252026091239,84.71,80.72,EasyEnsembleClassifier_820a4000-9cfe-4f0d-8c15-444e6821ed82
easyEnsembleClassifier,0.4,4,False,0.7540133519639809,0.0309729804992232,0.0903897394415537,0.0119956502137237,0.794957814914707,0.0255466366790353,0.7750275987529417,0.0201458285659405,0.8518945752309154,0.0231684029382,0.16117950132086,0.0191227574650487,0.5220925389764837,0.0174035527594275,0.794957814914707,0.0255466366790353,0.8644065478260405,0.0161939253713963,0.5411372771837041,0.0062741035694711,0.794957814914707,0.0255466366790353,0.9686563349805132,0.0012653469102142,0.7750275987529417,0.0201458285659405,0.794957814914707,0.0255466366790353,0.794957814914707,0.0255466366790353,79.93,76.03,EasyEnsembleClassifier_44959852-689b-45a7-b2e4-6cbee909331e
easyEnsembleClassifier,0.4,4,True,0.8102313305387362,0.0468043544892357,0.1328641119463738,0.0123960087565938,0.8569504393433801,0.0190093998676945,0.8342091814857149,0.0156004820259337,0.9023462330159294,0.0140510388028121,0.2277154423034359,0.0164932557362194,0.5743889400712592,0.013788450089032,0.8569504393433801,0.0190093998676945,0.9031971962605276,0.0114324756022151,0.5635376875745204,0.0057688336473805,0.8569504393433801,0.0190093998676945,0.9720173391263444,0.0010940395925269,0.8342091814857149,0.0156004820259337,0.8569504393433801,0.0190093998676945,0.8569504393433801,0.0190093998676945,85.8,84.25,EasyEnsembleClassifier_98b650be-7b80-4ea2-94f8-da9b35357793
easyEnsembleClassifier,0.4,8,False,0.732512315270936,0.0796195362187942,0.0654970742953436,0.0152889819090155,0.780948081785553,0.0369997026718988,0.7572155356478825,0.0511047080094398,0.8285489374049352,0.0451879226152763,0.1199579638489406,0.0262663497124551,0.4972310038562007,0.0245361590556444,0.780948081785553,0.0369997026718988,0.8596395101472831,0.0233901870967287,0.5293051459285263,0.0085330200981557,0.780948081785553,0.0369997026718988,0.9748374869008718,0.0024849479801593,0.7572155356478825,0.0511047080094398,0.780948081785553,0.0369997026718988,0.780948081785553,0.0369997026718988,77.63,77.27,EasyEnsembleClassifier_3efe5570-a9ad-4f05-a70b-3a0acb404d6e
easyEnsembleClassifier,0.4,8,True,0.8243842364532019,0.0535089664735911,0.0959416684779504,0.0144042280648672,0.840738776527704,0.0205918544536425,0.8327283392736374,0.0321219367457518,0.8901462597928799,0.0390460062825894,0.1716414533493751,0.023654271616783,0.5417162937607722,0.0177961968803905,0.840738776527704,0.0205918544536425,0.8972079398180212,0.0125780397182117,0.5458696363408638,0.0076722752265682,0.840738776527704,0.0205918544536425,0.9780679236651084,0.0017060604468118,0.8327283392736374,0.0321219367457518,0.840738776527704,0.0205918544536425,0.840738776527704,0.0205918544536425,85.77,86.36,EasyEnsembleClassifier_b5854046-724b-42d1-b737-4b765581faac
easyEnsembleClassifier,0.4,12,False,0.5787878787878789,0.1429069833036557,0.0811337161184656,0.0188653725614702,0.8549999999999999,0.0296536125066386,0.7197603654107183,0.0661108993055832,0.8047642120619865,0.06108234046506,0.1414900740789771,0.0310515095398217,0.5310029900647888,0.0208283515332993,0.8549999999999999,0.0296536125066386,0.90466515391457,0.0177765362173307,0.5355606224955002,0.0104013213121549,0.8549999999999999,0.0296536125066386,0.971490237734708,0.0034826326079185,0.7197603654107183,0.0661108993055832,0.8549999999999999,0.0296536125066386,0.8549999999999999,0.0296536125066386,86.4,40.0,EasyEnsembleClassifier_4aeed152-cc8f-48ac-84e0-df69ff2147ea
easyEnsembleClassifier,0.4,12,True,0.7166666666666667,0.1593144173102414,0.1346065151577816,0.0393451597397973,0.8975000000000002,0.0170009003363027,0.8089379495565925,0.0809784342426763,0.8830394709328537,0.0759113939070569,0.2255701426213984,0.0610510798864488,0.5853149566771034,0.0342631041278099,0.8975000000000002,0.0170009003363027,0.9304431685951648,0.0099813688626284,0.5640909801372157,0.0209680024118433,0.8975000000000002,0.0170009003363027,0.9761107955513474,0.0037276774404358,0.8089379495565925,0.0809784342426763,0.8975000000000002,0.0170009003363027,0.8975000000000002,0.0170009003363027,90.01,60.0,EasyEnsembleClassifier_d459cbc3-3239-4855-9a45-04a26aa075b2
easyEnsembleClassifier,0.4,14,False,0.8083333333333332,0.1274149437908857,0.0641500600991171,0.0118168629939617,0.7418382640017128,0.0524728764112149,0.7743663898226879,0.0482045007914041,0.8274630142303663,0.0544994145008468,0.1185428469883498,0.020681531965777,0.4830799233209902,0.0254168653089424,0.7418382640017128,0.0524728764112149,0.8322427618806619,0.0364097648619905,0.5294151036766269,0.0064133480645491,0.7418382640017128,0.0524728764112149,0.9750619660548616,0.0034271039650493,0.7743663898226879,0.0482045007914041,0.7418382640017128,0.0524728764112149,0.7418382640017128,0.0524728764112149,76.32,75.0,EasyEnsembleClassifier_22df7f1a-a56a-4dcd-8cdd-a36235225937
easyEnsembleClassifier,0.4,14,True,0.8583333333333332,0.1428328903575826,0.1131472858761123,0.0209287106317575,0.8523318346116548,0.0279697274459684,0.8552908509656583,0.0620032590130478,0.9059667384410311,0.0647614839467614,0.1989486707771215,0.0333477906920835,0.5586785002235247,0.022409557090889,0.8523318346116548,0.0279697274459684,0.90325033044523,0.0165190887310958,0.5548225066718697,0.0108090707248956,0.8523318346116548,0.0279697274459684,0.9778848279823578,0.0036847129639263,0.8552908509656583,0.0620032590130478,0.8523318346116548,0.0279697274459684,0.8523318346116548,0.0279697274459684,85.63,75.0,EasyEnsembleClassifier_e2cec547-8037-481d-b044-6dceb233ddae
